Real_AT_mean,Real_AT_max,Predicted_AT_mean,Predicted_AT_max
26.785367453946535,30.430547567221232,27.19244,30.451298
25.86776902038637,27.519693597521552,27.157555,30.419792
24.902703029578156,26.288136183707973,26.676235,29.866236
26.681958413936336,30.12711051086522,26.0252,29.113491
29.395728660732544,33.13315755908386,27.201942,30.545998
25.22925709894553,28.49989926564317,28.6659,32.289925
26.206245910493426,29.47712863029827,25.71454,28.72023
27.428872983525554,30.899072201149792,26.784742,30.030901
24.624578035260416,25.807706335913345,27.4334,30.81522
26.198169160960088,28.681356512281557,25.447319,28.426342
26.65600371772355,29.643704359604072,26.809536,30.079859
27.32950231828202,30.61051666212636,26.890648,30.179655
29.078969504081208,32.362684020532555,27.39896,30.784986
29.63079651082939,32.56051093623679,28.343668,31.906591
29.06282857387469,32.08603369537519,28.50316,32.077835
24.91595312194984,27.671387809494767,28.168098,31.65939
28.125243138901656,32.065199571109574,25.377516,28.335463
29.74131449814127,33.5050009627602,27.994745,31.533426
24.30762029061869,26.264325755975833,28.58199,32.238464
25.54870222101123,28.493946658710136,24.906874,27.825678
25.468357039378976,29.652633270003623,26.306265,29.56556
26.777092116422807,30.887166987283724,26.07214,29.312786
26.756534488759065,29.46819971989872,26.923655,30.348154
27.19592675702227,30.13455126953151,26.892752,30.298279
29.726321104866578,34.257616680512406,27.210777,30.65127
24.916337729070474,28.004587900515954,28.444782,32.10283
27.48537880810852,30.897584049416533,25.266632,28.272247
29.011124053869594,32.08900999884171,27.280203,30.735304
28.386644007901857,33.05135784616422,28.145992,31.77985
28.632666876506725,32.08156924017542,27.738398,31.270725
28.916560977633992,32.86245984085954,27.846132,31.392263
28.775094685971155,33.839689205514645,28.06163,31.642462
25.187930686767498,27.732402030558372,27.967302,31.519428
29.168532687748556,33.908095552834965,25.89934,29.053291
28.60093678905434,33.72812645792983,28.148771,31.80069
29.909876738518648,35.43564926433825,27.662315,31.238295
30.548580963519807,34.96266017520993,28.48467,32.23934
30.581836910594582,35.457971540337134,28.75021,32.543808
31.0233382335912,35.55316461885611,28.767845,32.531906
30.727155557893845,34.89723013135613,28.973667,32.737057
28.381458096203357,31.922434269535913,28.92638,32.619747
26.74020125499223,30.345771550835074,27.535536,30.890661
26.352135184043565,28.902993855717934,26.64154,29.795261
28.546558872495016,32.17080971176135,26.562931,29.69241
28.530417942288505,32.090498150574966,27.97363,31.363707
24.90673511991475,27.060097873992543,27.89053,31.213129
25.556009756303293,26.75814896936979,25.388983,28.184973
26.379429720748497,28.69921433308066,26.240572,29.232544
24.747781773123172,26.57817987446466,26.787735,29.893024
27.713145407343383,31.86439635193882,25.468166,28.309683
28.081032173318864,31.40033617321004,27.610525,30.894571
28.85947195794,32.83567310966088,27.527552,30.789051
29.156045525188073,34.01668199695327,27.988829,31.346247
29.696154583617037,32.57539245356938,28.021961,31.400305
28.167921960431986,31.42265844920892,28.411879,31.885195
26.527620352592375,30.14496833166432,27.496042,30.791258
26.779598347137014,30.631350786391984,26.457895,29.577219
26.182028230753573,29.576786164017015,26.718658,29.94212
27.064249093645397,31.37354944201138,26.374851,29.57175
26.56335739266105,30.894607745950015,26.838375,30.171062
26.617754162510593,30.594146993060516,26.513988,29.819181
27.654133352046212,31.556494840383028,26.58239,29.938383
28.054506850855198,32.05924696417654,27.119097,30.60881
27.918995685132124,32.050318053776984,27.394238,30.941826
27.811355966794938,31.086482054721213,27.296043,30.824406
28.42622711917688,32.34631435146671,27.088566,30.592354
27.10884466634883,31.874813414071635,27.37616,30.95917
25.43567800298515,30.1241342073987,26.636385,30.082306
27.192632458776576,31.913456726726775,25.5248,28.773317
24.886927853202046,27.991194534916627,26.478539,29.94845
25.728796390577582,30.586706234394224,25.206713,28.429302
24.64301403933059,28.00012344531618,25.835531,29.179276
26.018235872803675,32.47568628744104,24.972023,28.124722
26.498172770143498,32.75084846086514,25.625801,28.915724
27.872470792395443,33.29080437799012,25.84473,29.199396
27.841907095165116,33.49904835582716,26.9192,30.493633
25.040118377614178,27.23113805849812,26.774168,30.305126
26.952577284971618,30.119669752198924,25.159126,28.352543
26.49474272820816,28.682844664014816,26.409449,29.844435
27.346027855609172,30.90651295981608,26.018667,29.33423
27.055024807180235,30.418642353355164,26.57631,29.958673
25.678245691934382,30.14348017993106,26.249714,29.523825
24.323178025714185,27.982265624517076,25.348461,28.425154
26.15663787636159,31.05523086832278,24.442627,27.368525
27.0035000218753,31.543101474783704,25.759348,28.991133
25.413953985099347,28.18902145062086,26.127365,29.456059
24.355857062108004,29.43099592656725,25.18208,28.342339
23.79365194753276,27.217744692898798,24.537693,27.605804
24.342402097315855,27.980777472783817,24.181627,27.216055
26.254277809562264,30.954085182870777,24.582567,27.717125
26.858770854117136,30.96450224500359,25.634634,28.980232
27.28547108739939,31.376525745477903,25.916613,29.306263
27.420405342441512,31.577328964648654,26.113964,29.536098
25.968864133242686,27.720496816692304,26.22518,29.666227
25.129188861963588,29.92333098822795,25.469944,28.764164
25.22078317343141,29.616917628405414,24.785925,27.968912
26.208342396366685,30.872285469951134,24.788332,28.01031
26.614472433125044,31.529708109184376,25.42452,28.79604
26.599671343410677,31.83165701380713,25.551775,28.952557
27.2599266790023,31.8435622276732,25.483313,28.871464
22.482987550455665,23.830925330604263,25.791746,29.246653
21.021440271690256,21.50015874241796,22.706747,25.5699
23.796319059656895,29.17066663806615,21.819645,24.58609
23.062276259748796,25.911779692422286,23.828533,27.03426
20.385806619224102,21.29489106804743,23.18731,26.284952
20.197251093003782,21.101528607542967,21.410849,24.197992
20.142463431603524,21.63250698185881,21.38158,24.20746
19.993875623778862,23.53636855223822,21.235971,24.063217
20.983934792998273,23.45754514278509,21.00917,23.836065
23.23315242728006,26.186941865846382,21.796135,24.821327
22.918142855961815,24.397619346518308,23.41941,26.762386
19.148942798298403,23.926118409123234,23.147226,26.387312
16.321174246814376,17.084024704804275,19.722366,22.313288
18.5968983502696,21.28293722177178,17.690277,20.053968
19.564669159782408,21.78717749729854,19.803026,22.728836
20.32523728215417,22.688559755967034,20.608084,23.768612
20.82594296400828,22.773335772353196,21.095287,24.385202
21.199406533232963,23.569107890369906,21.357527,24.69802
21.006242005995098,23.790745233806284,21.519352,24.864967
22.30172070623718,26.015901681340807,21.27673,24.536276
19.666366321039984,20.692481410535176,22.189514,25.572334
19.85991545539848,21.349904049768416,19.964401,22.880121
19.722493822932382,21.174399410063064,20.347446,23.353651
20.179180842764016,21.384131539633366,20.23328,23.220552
20.189174343470448,21.671198926923537,20.561655,23.59882
21.460627667532993,23.31329168947817,20.397047,23.374796
23.120339366104524,26.51716565340105,21.53875,24.6904
24.26608900602019,27.494395018056153,22.648972,25.933693
24.27742234721877,28.458231017111927,23.250187,26.554243
15.178104287883002,16.460780923026395,22.889347,26.053093
17.108441141919894,19.152973852756222,14.634032,16.366827
15.84371215803838,18.642780970296418,18.115088,20.814093
16.74074667950473,19.828254312788566,17.032898,19.744581
17.93109189212383,20.13169136914458,17.994234,21.059185
16.943910991879104,18.3720832520721,18.903316,22.21166
16.642343816492858,18.190626005433707,17.82904,20.972658
16.520678507112645,17.342817209162526,17.59695,20.73169
16.984288455115703,17.924392742409157,17.429014,20.539272
18.134076469798035,20.18675298327515,17.852373,21.00995
18.529623526308857,21.198161205385617,18.778265,22.026535
17.743119561014534,19.669119342149056,18.63873,21.784262
20.466318966696374,24.040608827764984,18.119404,21.128437
21.851373419465954,25.718417231917822,20.52794,23.934778
15.507940086635923,19.432649113789683,21.327047,24.759975
14.206872014284482,15.285724642667063,15.1162,17.353975
13.34443956481513,14.77701991194052,14.938432,17.355547
14.902472955419313,17.885700797344434,14.512618,17.040403
16.164323670326137,18.886740589731673,16.069513,19.00535
17.237029379471537,21.76931967649944,17.11933,20.258518
15.839487764141472,21.302283194304138,17.687326,20.888445
17.44461038930314,23.5080936693063,16.300247,19.216698
15.94655057179771,19.367170437526298,17.602085,20.758892
15.307449170815765,20.095975727546374,16.372585,19.286509
13.939304862493975,20.735540545980513,15.678674,18.52347
13.665025939382584,20.747445759846578,14.403208,17.141973
13.73537133587833,20.720659028647926,14.297639,17.176973
14.650091500463814,20.25511069818588,14.38154,17.409649
14.820198453753806,21.648828018515072,15.209779,18.461311
14.523041691394708,21.11928916352291,15.331032,18.613409
14.494401029767554,20.540689933742794,14.906746,18.109098
15.62074686338138,20.793578463577596,14.817863,18.00746
18.345875589096472,21.68454366011328,15.922135,19.271553
17.185151409196344,18.431609321402444,18.267519,21.903336
15.825660761088843,19.309181152338798,16.985315,20.16333
14.945530099640205,16.813278354170365,15.491658,18.25203
15.836026300055757,18.3720832520721,14.811806,17.39983
16.977160654523807,20.789114008377823,16.038366,18.829771
17.513231338186102,21.775272283432475,16.964092,19.882011
18.505021239448368,22.551698428916822,17.33091,20.266962
16.393988167443872,20.091511272346597,18.027245,21.047718
14.620104713914433,17.33681596981991,15.628917,18.233448
15.424492910318284,21.998349146192524,14.482805,17.038322
14.795211559772682,21.05534727140237,15.375328,18.258524
15.502543018086882,21.083622154334286,14.936464,17.845533
16.836085254411678,20.802507373977146,15.592512,18.672464
15.713604345294426,17.35174611956208,16.657602,19.88547
15.712264504802281,16.492032109424827,15.415432,18.305626
14.615328547056878,15.807822738992932,15.438909,18.224283
11.42926955432302,12.624734266926085,14.119166,16.567768
12.562910354368759,14.366484563199464,10.98542,12.929929
13.322907850489646,15.250009001068854,12.899763,15.32463
14.046764846130996,16.239143579590024,13.744253,16.366873
14.241666389841797,16.14692680453757,14.330091,17.060192
14.667405105322462,16.630332955798718,14.36987,17.079927
15.165219949341733,17.116715410526375,14.7309265,17.454119
16.019581933707826,18.18467339850067,14.999322,17.71035
16.48107654254739,19.93088814997383,15.814849,18.618975
17.660268148668074,21.76634337303292,16.179012,18.989462
17.809625170734005,20.737077330123352,17.218517,20.170168
18.340503658267732,20.16591885900953,17.297815,20.19563
16.457832949469278,17.44991550154757,17.767694,20.694324
14.366408556187091,15.786988614727312,15.585104,18.060429
14.661828302073257,16.332848506375736,13.818551,16.033659
14.50575322425636,16.033875905219496,14.874365,17.388273
14.265108570910302,16.129068983738467,14.614206,17.146276
13.554520520930858,15.284236490933804,14.487352,17.065222
14.444824417786094,16.713620820451617,13.835141,16.35436
15.336480723993631,17.30710156756432,14.912602,17.67758
15.064522012466199,15.903015817511903,15.741021,18.646597
13.602769861280322,14.931739059789836,15.353285,18.128458
14.155167494279379,16.997711904275267,13.457095,15.864092
14.551502618321697,16.34326556850855,14.696423,17.371845
13.074775927151357,14.124061727907055,15.038183,17.779896
13.120525321216693,13.935163722602374,13.347713,15.794069
14.648962816822209,17.433545832481723,13.941437,16.539892
17.32679115112927,22.07573303632197,15.62733,18.515844
18.351446107915603,23.521487034905633,17.888794,21.123545
19.17967994579882,23.359375760799605,18.156195,21.34852
19.477798225959507,21.821404987163493,19.129156,22.437206
20.129386789501936,22.701953121566365,19.160816,22.406252
21.06197233190672,23.866592339792888,19.8932,23.223532
17.910912587150644,22.783752834486005,20.493805,23.886702
12.14158833634532,13.285133209625842,16.96554,19.682053
11.761015819818962,13.988688552590101,11.830374,13.806852
11.329123390408139,12.993601367135899,12.650593,15.103877
11.462326913407399,13.390743350277624,12.4407625,15.08355
12.096608156521254,14.544965506371337,12.392753,15.192011
12.586743426987976,14.549429961571114,12.806442,15.778108
11.837142891984385,14.379877928798793,13.257438,16.334282
10.72742117578165,11.76948471198861,12.399797,15.292644
14.761192682886715,18.059717285316527,11.16724,13.81013
15.927326500196033,18.479181544457138,15.653461,19.032536
14.933991886021156,18.080551409582153,16.37759,19.68387
14.434824632649585,16.80434944377081,15.017526,17.922806
15.808917782481068,18.162351122501793,14.850846,17.67923
15.426056476521127,17.04235645627303,16.551659,19.666172
14.112308938048884,16.4533401643601,16.160053,19.132675
15.872532554365703,19.614057728018487,14.62949,17.299538
15.184437736513328,17.882724493877916,16.742113,19.832111
15.434312960754626,17.30710156756432,15.867073,18.782238
17.523808034003565,19.84611213358767,16.39172,19.416033
17.886515172710624,19.79258730359994,18.511873,21.890593
12.847586238597447,17.57933606993149,18.357449,21.592314
8.727787882096901,9.617199066974175,12.252273,14.329051
8.54825805435135,10.142224834356979,9.188393,10.965796
8.09254512118146,9.01776571292844,9.933421,12.124439
10.366352473463586,13.45617339413142,9.715136,12.04083
12.201549340583924,15.290140465457256,11.895444,14.701574
12.395303347362894,14.536036595971785,13.452411,16.525887
13.702127957663707,15.819679320449419,13.589449,16.633589
14.934568796702107,17.484094359002935,14.721729,17.906301
16.091856650236824,17.894629707743984,15.79779,19.075994
17.991642375903535,20.436616577233856,16.803545,20.140774
19.11356522763006,22.115913133119953,18.584103,22.112892
20.28795552917288,23.75502959220807,19.282902,22.780546
20.4842031978059,23.19131187976054,20.195112,23.718716
19.99254206771679,21.65780556132421,20.146101,23.524763
21.00336373702041,24.366368160119876,19.749214,22.95051
19.934863568481695,24.71291298433081,21.118683,24.501156
19.410690567838778,24.56117013994801,19.234453,22.196465
17.640659469945767,20.214979233797482,19.094612,22.097069
17.81116359921655,19.777705786267354,17.9821,20.883722
18.874843609887176,21.23685315045034,18.812437,21.969202
20.038278892921973,22.701953121566365,19.702562,23.041447
20.325634458134957,22.141211712585353,20.572845,24.021383
20.84901939124638,23.308827234278397,20.559605,23.907276
21.413916755666072,24.18193461001497,21.06927,24.411627
22.752254012138653,26.593012759387662,21.441418,24.750473
23.135711082069772,26.11704736679281,22.608929,26.052975
24.455984372732658,28.247010735808367,22.681332,26.05102
24.171904252475148,27.875167332132033,23.941023,27.492855
24.13711616134791,26.52014195686757,23.329596,26.696201
23.85842682520937,26.250932390376505,23.59581,26.987705
24.07850756646161,26.646586221784972,23.531397,26.87774
18.626413985554883,22.48631701747261,23.868597,27.239376
17.169959427931264,18.993838882116712,18.000776,20.249239
20.9295443075788,24.443703417839743,18.639158,21.210806
24.572457485984298,30.858892104351806,22.399687,25.792162
20.361960977744733,27.010988866795007,24.720991,28.536106
18.082365665362857,19.767288724134545,20.479599,23.412043
17.28835557678608,19.27495366247385,19.163229,21.947659
20.206648829739038,22.883410368204753,18.850824,21.715734
21.710874930034777,25.052065682285033,21.524084,24.97141
17.57242941261351,21.751461855700335,22.633955,26.255785
15.349724531935236,18.333391307007375,18.784876,21.670998
16.88466892644117,23.466376788365476,16.89023,19.604305
18.607635927497004,24.6340409424681,17.703602,20.810637
20.095528794025906,25.04904074640893,19.541855,23.149738
20.608163581049777,24.400547017575242,20.953083,24.865507
22.758719071817392,28.795798298513724,21.492653,25.44312
22.1311914392461,28.893967680499212,22.231556,26.23362
22.51543029227864,26.640584982442352,21.811983,25.648354
23.28465207486469,26.949974645731405,22.423727,26.3031
22.436636107989077,24.751604929395533,23.095718,27.000591
22.880020789211144,26.023342440007095,22.395266,26.04665
25.440466738702863,29.39974474016882,23.138422,26.815907
25.08892577535437,27.193934265166657,25.007893,28.901516
22.865098495464565,23.924630257389975,24.353455,27.938278
23.496296597183264,28.08192315823582,22.642145,25.753166
18.370298141256793,19.88033962345262,23.703213,26.958223
18.3068693885024,19.878851471719358,18.40646,20.642206
19.96753632044544,22.95925747419136,20.075832,22.78403
20.47323561043773,23.734195467942452,21.3687,24.412212
19.388235042292163,21.050931448612175,21.627836,24.765783
21.513672028030243,23.790745233806284,20.733715,23.727373
23.686191963895734,28.653081629349643,22.736664,26.11715
26.075343745787897,29.25400313512864,24.042582,27.60796
27.952245347776827,32.4370429747859,25.826574,29.626934
28.436797530564263,33.485654990227836,26.62957,30.451885
27.92975840007983,31.482135886129683,26.666014,30.382294
27.834233806042644,31.18613958843996,26.423779,30.022053
26.0055752599731,28.87323082105276,26.58416,30.18438
23.156665885714304,28.379407607658802,25.377768,28.726566
20.157059648897423,21.647388499191397,23.443695,26.464668
20.920294883393332,25.226033537847545,21.490158,24.285004
22.11369809968728,27.53447785003497,21.984213,25.081518
22.768940430875745,27.635623535486978,22.632648,26.037397
23.054956155596578,26.81757777388097,23.228123,26.880127
21.687618768096513,24.189375368681265,23.56123,27.345486
25.496972563285826,29.106724745945616,22.87288,26.516048
24.314146042809337,25.956424244420045,25.305374,29.349764
23.985476634278474,25.962376851353078,24.457052,28.167614
27.16458127669052,30.591170689594,24.255262,27.763653
26.193367856382228,27.821642502144307,26.718786,30.554083
25.30324997865723,28.681356512281557,25.536053,28.945969
26.259091683000282,31.202509257505803,25.09097,28.29647
24.06177087228391,26.515677501667795,26.062332,29.402025
20.764648403707604,23.350495482809634,24.070374,26.995417
19.17834638973675,20.381603595512868,21.941648,24.523653
22.032999733084768,24.98807515775491,21.083433,23.64891
22.692088135479583,25.02974340628615,23.527906,26.697302
22.17506178871879,25.24393999105623,23.906174,27.204079
22.869899800042425,24.884001801245972,23.52888,26.772783
20.62991273665588,21.406453815632247,24.097572,27.444574
21.274770675587195,22.655869050244927,21.911161,24.816631
21.81553457163005,23.051522881653398,22.964731,26.086891
23.222985476303535,26.145322249724728,23.241636,26.39185
26.149342909929675,29.926307291694467,24.350426,27.67648
28.96345371565941,32.06817587457609,26.345684,30.000267
26.650247179774173,30.43203571895449,27.877712,31.747047
27.512865648373772,30.91097741501586,25.892529,29.267984
27.165927401612745,31.583281571581686,26.876593,30.432852
25.200417849327984,29.648168814803846,26.469595,29.94719
26.32136661439277,29.627334690538227,25.32733,28.610567
27.413110376009598,30.716126802778145,26.320774,29.858511
27.361982766685447,30.333866336969006,27.184704,30.917894
28.503309424713812,32.57539245356938,26.946203,30.626413
29.16200065112784,33.320567412655286,27.65024,31.459082
28.600782735049233,32.16634525656158,27.857286,31.676968
23.062115378338856,23.647979932232612,27.434748,31.135313
26.417666707101297,30.030429280612985,23.512154,26.430754
26.317725415606887,29.37151848964649,26.68762,30.278471
27.026012107292598,29.957558478092896,26.347248,29.82581
27.84923348374741,30.82768955036296,26.99354,30.533098
24.176730694773315,25.029792038695735,27.387966,30.926035
26.081696047708448,28.889600490118603,24.484299,27.38379
25.658450994081836,30.61349296559288,26.71989,30.060936
22.632524307221765,25.953447940953524,25.933779,29.092192
24.0327518879662,27.67882856816106,23.73167,26.482044
26.05304910165122,28.77059698386749,25.339584,28.47695
27.670665173803442,31.772179576886366,26.68527,30.108315
28.435259102081726,33.96757298975572,27.512018,31.080044
28.99977185938078,34.09104095120661,27.662804,31.236876
30.05188708083446,33.5050009627602,27.93897,31.561111
30.167053213621937,34.20111554705816,28.510689,32.251286
26.90030213871564,28.687309119214593,28.640799,32.40243
26.144150713801103,28.853884848520394,26.662825,30.025368
26.671952344369753,31.098387268587285,26.306492,29.650864
28.172319804598988,32.0458535985772,26.759357,30.244722
28.57576387594298,32.154440042695505,27.636848,31.317665
28.32840116684596,31.589234178514722,27.83436,31.543655
28.923086729824636,33.22686248586958,27.776766,31.444847
25.45605589594873,29.35961327578042,28.028545,31.71717
24.8575242617637,28.49989926564317,25.993376,29.253487
27.174965668947667,31.491064796529237,25.765224,29.001232
29.454728147169554,35.4088625331396,27.332104,30.891142
30.102464355075558,36.109441572637344,28.439478,32.194355
30.402121063718784,34.58784046806708,28.63017,32.38316
26.78959813227352,29.875758765173256,28.801643,32.552998
26.867629386751894,29.273349107661,26.673466,29.963303
28.02662911903924,33.310150350522484,26.854412,30.188866
25.467773844267942,27.016941473728043,27.493254,30.955797
27.2891311394755,29.831114213175496,25.86241,29.000185
28.50945056978382,32.91747282258053,27.235329,30.66336
28.408932367608454,32.8207915923283,27.827646,31.36072
28.774511490860128,32.83269680619437,27.814669,31.314045
28.370490508835186,32.260050183347296,28.008598,31.51511
29.410324878026447,33.57340731008052,27.702585,31.123207
29.75937846395096,33.50202465929368,28.217674,31.736994
29.78283949830969,32.84757832352696,28.49827,32.064686
31.164041595442846,35.258656472899645,28.68108,32.259518
30.618362018194752,34.03305166601911,29.432207,33.12398
28.351272721663587,31.404800628409816,28.952839,32.497696
26.30773191490045,30.26694814138195,27.58161,30.832375
24.480220905762742,26.7685660315026,26.552773,29.626398
24.95054890951676,27.69073378202713,25.444,28.356913
27.231279189970312,30.800902819164303,25.92609,28.999237
29.054367217220722,32.82525604752808,27.366394,30.749945
29.752852711760315,33.61805186207827,28.33767,31.893627
30.099015459849998,33.7147330923305,28.652914,32.226006
29.803595713963833,32.945747705512446,28.70294,32.246807
27.920155790924106,31.98042355472341,28.552639,32.043762
28.45218181538966,32.17825047042765,27.500437,30.782667
27.809054608501203,31.788549245952215,27.839846,31.227161
26.899526640044296,32.05775881244328,27.531042,30.89368
26.79150859901655,30.905024808082825,27.043184,30.355234
26.315405204022923,29.155833753143153,27.117294,30.498217
28.313023166450634,32.154440042695505,26.681913,30.030312
27.174959384517592,33.32354371612181,27.859175,31.473152
26.581427642900817,30.031917432346244,27.039202,30.487583
26.029408332592322,29.936724353827277,26.67323,30.048082
24.941132319491278,26.93365360907514,26.293036,29.591433
28.114076963543088,32.61105946275799,25.595146,28.755291
26.805918797180208,31.19804480230603,27.441387,30.963108
27.181294924606245,33.0959537657524,26.644201,29.97807
23.5485926881878,25.016398673096408,26.827074,30.193853
23.922702970515175,26.646586221784972,24.557219,27.483023
26.142618569748638,29.15434560140989,25.02798,28.0835
28.425848796486317,31.96851834085734,26.537365,29.886518
28.639888400575003,30.908001111549343,27.80681,31.3578
28.252478967101002,32.148487435762476,27.71825,31.180738
27.922072542097204,31.48957664479597,27.35198,30.696232
28.923086729824636,32.6289172835571,27.126282,30.419897
28.956528696029654,33.899166642435404,27.772522,31.211914
26.454185530271396,32.08454554364193,27.701332,31.141743
24.44697124311804,26.75814896936979,26.19834,29.3666
26.39114766906771,29.353660668847386,25.059898,28.062462
29.17392347186752,33.22686248586958,26.569014,29.916855
27.24089436798619,31.104339875520317,28.1368,31.77985
27.041762145948404,31.02998092126697,26.633694,29.925793
24.14597469398267,25.7913366668475,26.56422,29.841654
27.26434283348477,30.133063117798255,24.713408,27.649096
27.573993042834427,30.900560352883048,26.991802,30.415588
28.9430277694297,31.889694931404218,27.054327,30.471334
28.98402182072498,32.065199571109574,27.807072,31.344242
28.69071112957223,32.65719216648902,27.708084,31.193026
26.674753581314338,30.324937426569452,27.50791,30.941448
27.132671454537974,31.086482054721213,26.391733,29.632664
27.785990750123254,31.29174972909174,26.633633,29.992113
22.715940061389023,24.687663037274998,27.110312,30.61264
26.50414046494341,32.56195045556046,23.57843,26.440609
26.540460700123116,32.26893046133726,26.022999,29.460217
26.28637365084506,30.350187373625264,25.972609,29.443113
23.43057277056521,25.187438857601986,25.993767,29.48906
24.293197523594884,27.512252838855257,24.22953,27.382465
25.386851751954737,29.142440387543825,24.833784,28.10634
24.455612334472175,28.587651585495845,25.455854,28.813509
23.513603917611835,25.953447940953524,24.78753,27.95773
25.114309845316274,28.193485905820637,24.134457,27.144627
25.93503127548696,30.1241342073987,25.463003,28.702662
27.234932957616344,31.099875420320544,25.757519,29.003971
25.08932923576523,27.266853700096334,26.624191,29.989817
25.84335275265612,28.473112534444514,24.87938,27.85236
27.533237256907274,31.46278991359732,25.701206,28.841612
28.528873229375886,32.34036174453367,26.71566,30.05563
27.400604360158887,32.025019474311584,27.20636,30.62598
26.516268158103568,30.116693448732406,26.11403,29.31972
24.626482217573365,28.184556995421087,25.849436,29.046381
25.249994461309438,29.59161904894002,24.543623,27.549744
24.148269767846326,26.51716565340105,25.058804,28.257631
23.754626893648457,26.706063658705737,24.394247,27.526825
25.770375979819416,30.061631834601837,24.142378,27.282358
23.294869301281825,24.10906380749488,25.289314,28.694578
23.100358649121734,24.12096902136095,23.73438,26.847672
25.361281662862588,29.979832121682193,23.698853,26.829128
25.852955361811848,30.106276386599596,25.054913,28.461327
25.37224925023076,28.675403905348524,25.329626,28.765202
25.807590574867145,29.4220670161677,24.901136,28.21899
25.667855015247163,28.177116236754788,25.04676,28.376007
22.02128806919563,26.050129171205754,24.900602,28.193861
21.690285880220653,25.925124425612026,22.177746,24.986994
22.342829677134596,25.648474100454667,22.01222,24.93632
22.585794542064612,25.00890928202053,22.609915,25.793497
22.495077537035364,25.60685448433301,23.067825,26.424711
23.041682182390613,27.620790650563972,22.980675,26.347837
22.459885985497266,28.522124276822883,23.141571,26.53709
22.526006988096103,28.098244194892082,22.479445,25.75389
22.97984841798944,28.824073181445637,22.546001,25.861513
23.121821234716386,23.029151973244932,22.382864,25.727646
20.79764291849123,26.533438057647732,22.418753,25.8634
17.738504275566914,19.853552892253965,21.062042,24.383856
21.542468543523274,24.067395558963636,19.424644,22.583132
23.518398937759624,27.19095796170014,21.894623,25.558765
24.657027061513467,30.542061682396465,23.443695,27.259865
24.994356414688696,29.114165504611908,23.787308,27.457138
24.475189591044106,27.943573679452353,23.869434,27.348265
22.469135409682732,24.75606938459531,23.13629,26.331291
23.48726461427842,24.8720965873799,22.017807,24.928585
23.720794035892727,26.70159920350596,23.03163,26.099716
22.133158465859804,24.769462750194638,23.062275,26.080513
22.781086977326126,26.204799686645487,21.791111,24.536053
21.831175261202546,28.557839918421088,22.436462,25.317995
20.11184945893259,28.46855081442557,21.367254,24.097815
20.10362852949069,26.392160907807327,19.921505,22.558731
19.92869728569138,26.601893037377632,20.206425,23.126717
20.414018682720094,27.357485058596357,20.190296,23.29549
20.47342162956797,25.951911156810684,20.384695,23.662415
20.70599581781077,24.983610702555133,20.511848,23.877203
21.833489188356427,25.490827281548416,20.583979,23.962532
22.363794958180947,25.986138646675634,21.347897,24.811337
21.826380241054757,25.984650494942372,21.69418,25.108667
21.41851318782346,26.069426511328533,21.111883,24.297977
21.638010733964673,26.944022038798373,20.792694,23.84224
22.27191365438797,27.626743257497004,21.003298,24.049473
23.284087733043894,26.683741382706856,21.585505,24.703112
22.642896130618755,24.106087504028363,22.469934,25.691816
21.627279441167353,23.13927520150607,21.899477,24.91543
23.287754069550076,26.13788149105843,21.036077,23.798904
23.63699995903491,26.532047170733637,22.644016,25.637794
23.210107422192337,25.763061783915585,22.545532,25.41219
23.186851260254077,25.0892694756165,22.105162,24.806744
23.197601406341626,26.502284136068464,22.23596,24.919682
23.434976899162287,26.5082367430015,22.028759,24.670399
23.33656146729026,27.946549982918867,22.363796,25.106491
23.537225833380507,28.044719364904356,22.143494,24.90282
21.965942350404646,24.296473661066305,22.372942,25.253399
21.494845132409356,23.133322594573038,21.1864,23.90337
21.28534108697458,22.37624242162105,21.02291,23.772846
23.44229071888443,25.749668418316258,20.86301,23.612307
24.065232336369622,27.98673007971685,22.748526,25.845482
24.20783988053422,29.10077213901258,22.662598,25.680998
24.27972998994258,28.45376656191215,22.548983,25.517242
16.01478691356004,18.843632821876756,22.721262,25.724272
13.774402674192704,15.953564344033111,15.560246,17.353346
15.414511978472001,17.40229464608329,14.4565525,16.46092
16.602940439918,18.879299831065378,16.345306,19.02056
15.484094445156556,16.438458647027513,17.515108,20.561174
15.132348609387593,16.423577129694927,16.241425,19.13881
14.710263661552958,16.332848506375736,15.797876,18.705496
15.388185243998734,16.93377001215473,15.457354,18.371883
15.856019585898702,18.20104306756652,16.114996,19.170115
16.079940113927215,17.908023073343312,16.43862,19.51646
15.814866623990758,18.333391307007375,16.521608,19.559559
14.981850334819908,16.90103067402304,15.954362,18.881021
14.64433496251444,15.926777612834456,15.562828,18.450993
14.134404994195167,17.763720987626808,15.301254,18.185904
14.30873634138207,17.653646391775254,14.808017,17.65464
15.340628085860443,16.927817405221695,14.998173,17.927206
12.488712602236587,14.708564932210622,16.055542,19.16039
11.571473638076752,17.23710980369158,12.845143,15.395829
10.836283301236818,17.167215304638002,11.983609,14.584408
12.693979684914304,18.678447979485043,11.710649,14.4946
12.825272741170542,17.158335026648036,13.412266,16.653479
12.933300656294826,15.937194674967268,13.801368,17.135067
14.93165910557704,19.039874321028567,13.712517,16.979403
14.368306454069963,17.796411693348915,14.7430105,18.1287
14.02156679529933,18.101336901438184,14.499477,17.760035
14.679507660762312,17.301148960631288,14.187135,17.340395
14.308370587551664,15.98035107523177,14.869832,18.072374
11.974961700431269,13.551415105059975,14.57095,17.580933
10.250084232632414,11.381271639246435,12.045224,14.505166
11.13371951460498,12.812144120497509,10.5129595,12.716751
12.45508461690133,14.359043804533172,11.629987,14.063165
13.455335874817564,15.730438848863482,12.961472,15.599148
14.958209565761006,17.852961459212743,13.932776,16.651121
14.14152651035699,15.562374967824422,15.1591425,17.978079
16.023037113363465,19.42962417791358,13.948153,16.42704
16.853764613100733,19.637868155750628,15.92427,18.705685
16.0311138628968,21.54470602959655,16.461039,19.257862
13.677122210392358,20.68940784224949,15.364795,17.91641
13.765736445118266,20.728099787314214,12.779468,14.942108
14.739468665000913,21.15054034992134,13.627496,16.113028
16.251765230399915,22.062339670722643,14.786506,17.581982
18.08274398805342,21.77824858689899,16.225254,19.30286
19.351703650261914,23.726754709276157,17.866142,21.183718
19.216384788099155,25.962328218943494,18.722227,22.074022
18.29338928598995,26.978200896253732,18.11223,21.2274
16.809745951078252,23.072308373509436,17.043402,19.92171
10.671195093805306,11.564217037618084,16.190817,18.948017
10.86916721005111,12.786845541032111,9.65532,11.36825
10.375390740798506,11.440749076167197,11.272437,13.590622
11.114241129714546,12.519124126274303,10.933687,13.354
11.969564631882227,13.768539360886987,11.840659,14.513575
12.799522917378226,14.364996411466207,12.544515,15.342416
15.099291250303212,18.16830372943483,13.32796,16.207752
17.033666479106767,21.07915769913451,15.6092615,18.794077
12.285355986301894,16.14241371692821,17.005203,20.289583
11.236272192925169,16.627308019922612,11.457887,13.64193
12.146383356493105,15.880644909103438,11.2369175,13.5637245
11.326828316544477,12.830001941296613,12.720819,15.4608135
12.423739136569578,15.181554021338956,12.189781,14.891559
12.34281704425637,18.275353389410284,12.912452,15.797887
12.338970973050019,19.265976119664714,12.799015,15.690847
12.26574102314951,19.060708445294186,12.76121,15.684748
14.618373981871576,21.147564046454825,12.731839,15.689315
16.5711927560614,18.874835375865608,15.238578,18.649763
16.824373590522534,19.383540106592147,17.046679,20.673714
18.88215114517924,22.212594363372183,16.96764,20.391815
20.418082195207063,24.537408344625458,18.956018,22.558086
20.60836845347024,24.055490345097567,19.869469,23.41172
20.452876570764378,23.08867804257528,19.69429,22.998726
21.591318675387978,25.032719709752673,19.7538,22.926037
22.330925709685136,26.471032949670036,21.11283,24.445126
22.20445909572706,25.709488321518272,21.331093,24.622038
22.583108576650247,27.45421492125817,21.378572,24.630032
22.046268678746678,27.638648471363076,21.864187,25.184662
22.17061995354126,26.963368011330733,21.094208,24.254925
17.593768823378678,21.16249419619699,21.447927,24.709599
15.655906992769104,17.180657302646917,16.652964,19.074648
14.347178200155343,15.943147281900302,15.805597,18.324211
15.863122248770296,18.363154341672548,15.275376,17.924858
17.85016979981062,20.31761307098275,16.971931,20.079401
18.546161632496162,20.842687470775136,18.6638,22.094646
18.42698370053992,20.60914491347269,18.989176,22.396845
16.126278987533652,17.25655304104311,18.418917,21.63572
15.208674269543408,16.005649654697166,16.431,19.214485
16.174515759022963,18.40035813500401,15.886502,18.567894
15.560221517321978,18.42416856273615,17.27224,20.198872
17.07998649942298,21.233828214574242,16.36572,19.077293
16.423385474452147,20.516879506010653,17.888031,20.888872
14.989715927502697,19.58578284508657,16.71746,19.541235
16.64751087490113,22.10693559031082,15.9294815,18.733421
17.453840960198377,19.84462398185441,17.527998,20.751379
18.171742829899966,20.34737610564792,18.63533,22.094837
18.556232054626722,20.339935346981626,18.948332,22.427607
16.41227585896426,17.44396289461453,18.95783,22.376507
18.03777009265943,20.136155824344357,16.71097,19.656845
18.00452043001473,19.657214128282988,18.826874,22.16159
16.993897348701502,18.404822590203786,18.446474,21.63867
18.81179946425342,21.14314822366463,17.586609,20.571314
20.27007758249343,24.2354594400027,19.8134,23.168056
20.61335577717834,23.185359272827508,20.655485,24.058706
19.556995870659936,21.828845745829785,20.611984,23.907284
20.434229409843656,24.062931103763866,19.795984,22.865194
15.041637888788419,17.119691713992896,20.97523,24.230112
17.74947958524276,21.677102901446986,14.668982,16.755672
19.389568598354234,22.77035946888668,19.357937,22.484322
19.69038541278944,22.11888943658647,20.296236,23.60518
22.14121636210291,26.079843573461346,20.48287,23.785728
21.58343422941496,24.762021991528346,22.435919,26.053253
21.725868323309466,24.565683227557372,21.342081,24.658115
23.073436150677285,26.209264141845264,21.898264,25.271269
24.212291227825112,27.660970747361954,23.033855,26.564995
26.093940631268012,34.19208937183945,23.679893,27.259882
25.712996076481165,33.67748066658945,24.18581,27.834444
25.71897005571116,31.300630007081708,24.202614,27.861374
25.435479414994756,28.639688263750315,24.647402,28.408379
19.717679949494368,21.872002146094285,24.64832,28.389381
19.324216809996663,22.77482392408645,19.414152,22.140299
16.966025901315614,18.88822874146493,20.131083,23.14987
18.767774517800866,22.56509179451615,18.24792,21.029448
19.966767106204173,23.16452514856189,20.107832,23.345385
21.13116390704056,24.241412046935736,21.000845,24.415653
21.933058441590358,25.220129563324093,21.860132,25.397152
22.557935663538885,25.04313677188548,22.541292,26.14036
24.280505488613926,28.364526090326216,22.926533,26.511648
26.243701113744805,31.80189397914196,24.272017,28.011654
26.706913885767076,33.16287196133946,25.26963,29.082855
27.494391937723137,32.776147040330535,25.239805,28.944939
21.569396069511786,23.423366285329728,25.99144,29.780218
18.3950927316776,20.08263099435663,21.07287,23.88566
18.448329395735165,20.258135634061983,19.475735,22.147501
20.591830347282936,23.36384021599938,19.992939,22.928297
23.42807336725584,26.963368011330733,21.981388,25.363781
24.539598714890314,28.175628085021533,24.01882,27.751661
24.793115137917493,27.887072545998105,24.75605,28.50533
25.954441366218877,29.428019623100734,24.484957,28.04251
25.787411269893962,29.132023325411012,25.57793,29.233877
25.691681803436303,28.928243802773743,25.087416,28.534693
24.477323783497823,26.908355029609748,24.997253,28.374727
26.862623209753565,30.905024808082825,24.323935,27.554132
28.351074133673194,33.1896586925381,26.618008,30.297142
27.78560614300262,31.666569436234585,27.119356,30.843454
28.19212707131169,32.260050183347296,26.622358,30.184027
27.655094869847805,31.97447094779038,27.090405,30.706282
26.432467796815672,29.76270786585518,26.496948,29.964237
27.24645860237524,30.809831729563854,25.856344,29.19239
23.091692420047295,27.92427633932957,26.595333,30.099636
21.41274408101394,24.986587006021654,23.22801,26.10829
24.425600410202495,28.998138301827318,22.44877,25.337524
23.852266826849135,27.686269326827357,24.82479,28.313622
22.690748294987433,27.013965170261525,24.752325,28.258911
20.756943692434753,23.775863716473697,23.727442,27.044245
24.257807384066385,27.94208552771909,22.285675,25.36508
23.81843396909341,27.005036259861974,24.832907,28.452662
25.42779984144221,28.670939450148744,24.588823,28.13256
28.64246807365284,33.320567412655286,25.856777,29.589027
29.657700155983612,34.825798848159714,27.84207,31.856247
30.77325813692943,38.12486589060156,27.899258,31.782883
30.279692824527377,35.286931355831555,28.256659,32.113983
23.807876126566175,24.80964284699262,28.400524,32.206932
22.128741768402573,24.091205986695776,23.486431,26.266531
25.263455710531666,28.174139933288274,23.220757,26.057367
26.871264301107697,31.861420048472304,26.069735,29.528778
22.141427518953456,23.29394571694581,26.737236,30.306513
20.666040668275265,22.63503492597931,22.96819,25.776325
21.169047708423108,22.63057047077953,22.415321,25.201462
23.96527847601506,27.16863568570126,23.038538,26.017426
26.473012425892282,32.51735453597229,25.138287,28.541239
28.898843912364477,36.72221965987282,26.645124,30.294039
29.580028370905573,36.17189531302463,27.504295,31.263899
29.881428380451812,34.782691080304794,27.772955,31.545195
30.679290824665017,34.96414832694319,28.281267,32.12523
31.03274853918661,36.40246156686055,28.853144,32.768764
31.238977139665913,37.754510638658495,28.721918,32.564693
30.603560928480377,35.85064906827909,28.67434,32.490913
28.750870721801224,32.34631435146671,28.787882,32.612713
25.569067545114656,29.13648778061079,27.619226,31.189468
26.75479747228613,28.584675282029327,25.675186,28.87682
28.557699910133284,31.964053885657567,26.817837,30.292423
26.714060539649203,28.504363720842942,27.910519,31.598692
27.629729653176124,32.06668772284283,26.833958,30.253956
30.25124446646054,34.30226123251017,27.446888,30.950624
31.513082612507212,35.74652707936056,28.961786,32.719376
31.709494219296964,35.9264961742657,29.513735,33.313606
29.965228741739704,36.31619739874114,29.809275,33.612522
27.47596221808304,30.71166234757837,28.586508,32.11898
28.589994339406474,31.79152554941873,27.304922,30.609453
28.026827707029632,31.787061094218952,28.073298,31.5866
27.59992260132691,32.06073511590979,27.738474,31.205736
28.75048611468059,31.296214184291518,27.312056,30.714865
27.98530899129128,33.80992617084947,28.204714,31.792841
27.831336683777728,32.49949671517318,27.694025,31.151747
29.41531220173455,33.92292843775796,27.402514,30.79263
29.82357014651655,34.471813265282485,28.248884,31.818148
28.145230140314524,32.05775881244328,28.67903,32.326645
26.079196101424323,29.45629450603265,27.903837,31.362185
24.666853396379885,26.743267452037202,26.589073,29.761372
26.56624912539873,29.948629567693345,25.69818,28.701769
29.304627048582656,32.85353093045999,27.228592,30.538546
28.531565479220333,32.86097168912628,28.851137,32.438812
28.28323496789165,31.021052010867415,27.989473,31.333563
27.645876867812714,30.43203571895449,27.924416,31.225647
28.882349797187707,31.51487522426137,27.530855,30.750996
28.496008173851823,31.4018243249433,28.454203,31.870419
28.03893654689956,32.551582025837234,28.003265,31.331676
25.82721182244961,28.107221737701217,27.738544,31.03781
24.705295255153157,26.283671728508192,26.39684,29.469275
27.72178649869752,32.14699928402922,25.79039,28.81358
28.586911198011318,32.53521235677139,27.676746,31.13929
27.305855264793042,30.031917432346244,28.057314,31.617455
28.546366568934705,31.984888009923186,27.348063,30.77588
30.606186985679724,33.53774030089189,28.13203,31.728245
29.312063862142697,32.365660323999066,29.192778,32.988907
30.45922265227293,33.374140875052596,28.427452,32.037018
30.014452168750903,32.880317661658644,29.324368,33.09892
28.07392322601719,31.98042355472341,28.90194,32.559784
28.587308373992105,32.57985690876915,27.61131,30.997227
28.122550889057212,31.119221392852904,28.041487,31.531096
29.90085104004388,33.32949632305485,27.738947,31.172722
30.802500846957848,33.53625214915863,28.828299,32.473408
26.40767949082494,32.58580951570218,29.335976,33.03905
26.526460246800394,28.592116040695625,26.401955,29.46924
28.053539048623534,33.506489114493455,26.827124,30.004555
28.93193269359924,32.551582025837234,27.731026,31.108644
28.57980853513972,31.593698633714496,28.344555,31.835024
29.920313377013674,33.3309844747881,28.045336,31.451122
29.60657883108954,34.293332322110615,28.767117,32.303417
25.617118297473723,28.653081629349643,28.560656,32.035164
29.255775659831937,35.20657116223559,26.024939,29.006079
30.62985624080327,37.29933073791969,28.00969,31.470774
26.006325620924144,28.917826740640933,28.61042,32.25772
22.900841819963315,23.820508268471457,26.52034,29.80744
24.84426160053187,27.250484031030485,24.583654,27.588388
28.15271112587668,31.52375550225134,25.942026,29.285269
29.418779950250336,33.27592286065752,27.705425,31.387444
29.361126588735544,32.444483733452195,28.290958,32.026264
28.598058520079654,32.5203308394388,28.296446,31.95674
29.08743086073518,31.971494644323865,27.714832,31.205778
30.417505348544182,34.28737971517758,28.180977,31.732998
29.02826475143291,32.38202999306491,28.912806,32.57307
25.71400158529329,28.09829282730167,28.174082,31.631481
27.933226148595622,31.502970010395302,26.095787,29.12171
26.483793994130213,31.498505555195525,27.636047,30.998182
25.286153815079203,27.243043272364194,26.781015,29.975204
26.299469146236877,28.51180447950924,26.124926,29.199354
26.340596970424517,30.14645648339758,26.859545,30.097424
26.09322797689742,29.091891861022614,26.669636,29.877686
27.2679966011308,31.975959099523635,26.469797,29.649057
26.56682514117684,31.510410769061597,27.194668,30.528225
26.224502179863435,29.566369101884202,26.585367,29.796295
24.161793147458052,25.123496965481447,26.377354,29.560766
25.177744882500747,27.54201587352043,24.939558,27.863876
27.315861334359628,31.906064600470067,25.95138,29.105751
27.702807338877214,31.04635059033281,27.361027,30.778635
27.78868928439778,32.090498150574966,27.388216,30.753485
26.4663006545714,31.119221392852904,27.259115,30.552979
28.604410822000208,32.044365446843955,26.296345,29.388433
26.244110858585742,28.996698782503643,27.914011,31.352715
27.172664310653932,31.119221392852904,26.1109,29.19869
27.500378485813282,30.626886331192207,27.115528,30.440575
29.878584761310787,33.91107185630147,27.1741,30.524967
25.71708472668844,28.035839086914386,28.652105,32.29714
26.009619919169843,29.001163237703416,25.510733,28.50054
26.80247618638472,30.643256000258052,26.313091,29.503248
25.82510276771619,28.025422024781577,26.798906,30.103464
28.965380944234333,32.945747705512446,26.00224,29.14974
26.443243080623525,28.227713395685587,28.209885,31.80011
24.104462262674396,24.828988819524987,26.112919,29.251085
26.511280834395464,29.090403709289355,24.736843,27.631924
28.43780267739321,30.936275994481257,26.781788,30.124554
28.826391612924176,32.573904301836116,27.754765,31.280546
26.980262713227262,29.92928359516098,27.80805,31.30784
27.564954775499505,31.491064796529237,26.482887,29.7047
27.782913893158177,32.04734175031047,27.013672,30.376621
27.63009540700653,32.97397395603477,27.092188,30.509464
27.574737119355397,33.45886825902918,26.84388,30.268381
28.830812443022616,35.20359485876907,26.911945,30.430706
28.1100448732065,33.96906114148898,27.550245,31.27181
23.67121742391127,25.18297440240221,27.268154,30.973509
27.057332449904045,31.46278991359732,24.417568,27.592415
26.28081570088608,30.619445572525912,26.639631,30.283884
27.154587775984087,32.06073511590979,26.039381,29.517826
25.457786627991588,30.916930021948897,26.586763,30.1124
27.127684130829866,31.78110848728592,25.40217,28.62458
27.192266704946164,30.42757126375471,26.689837,30.112064
29.03745707277294,32.65272771128924,26.569788,29.892193
27.221868884374906,32.573904301836116,27.800604,31.29652
25.045310573742753,27.132968676512636,26.35978,29.495403
24.041597851740804,25.284120087854212,25.001875,27.863379
24.712974828705704,26.838460530556173,24.511145,27.330109
26.313873059970465,29.34621991018109,25.158375,28.16897
26.369039044061278,29.648168814803846,26.277046,29.538124
26.50301178130181,30.53020510093998,26.110682,29.335146
27.24220328908236,29.941188809027054,26.18769,29.416412
27.66625476077629,30.92139447714867,26.610926,29.907711
26.62718332139623,30.35618861296788,26.813246,30.122774
27.685445077447145,30.818760639963408,25.978619,29.097027
28.08795510149029,31.208461864438842,26.821016,30.10781
26.499550317216094,29.75377895545563,26.943333,30.245207
27.27490696044208,31.46427806533058,25.767088,28.840982
24.587277428988898,28.015004962648767,26.392218,29.638905
23.21049831374305,25.38675392503948,24.585447,27.528847
22.86228432767665,23.94248807818908,23.869638,26.759712
24.20593928788773,28.290167136072867,23.745033,26.684559
26.054010619452807,30.423106808554937,24.7522,27.922138
25.728033460766387,28.513292631242496,25.830896,29.198534
25.073951235369904,27.41854791206955,25.457155,28.716557
26.436121564461704,29.259955742061674,24.865288,27.993141
27.54419855984537,30.91990632541541,25.86469,29.19036
28.70128573393136,31.010634948734605,26.464266,29.885912
26.549139498057706,29.651145118270367,27.080978,30.586016
21.63247163729592,23.943976229922335,25.345621,28.476313
23.278331195094516,26.21224044531178,21.746881,24.238825
23.63545524612229,26.610870580186766,23.808428,26.831453
23.641794979182695,26.60342982152047,23.971117,27.088627
22.88546381956799,25.6395938224647,23.925568,27.07344
23.192800101763762,25.257333356655558,23.363745,26.430084
23.237395674467198,25.06694719961762,23.579466,26.714046
20.095986662518595,21.79317873664116,23.57887,26.719633
22.181593825339505,26.01143722614103,20.867306,23.51101
23.983342441824753,28.132471684757032,23.055014,26.17577
24.587693639251498,28.608437077351883,24.029099,27.332409
24.54900902048572,28.90740967850812,24.181627,27.49766
25.274789051730245,29.117141808078426,24.106455,27.403004
23.40346425299052,27.516717294055034,24.626804,28.021736
22.556756704456674,27.397665155394343,23.141365,26.237793
22.471815090667025,26.460615887537227,22.18984,25.182861
23.276594178621586,27.17012383743452,22.56892,25.738817
23.311196250618583,26.70159920350596,23.235867,26.591356
24.344312564058878,28.14735320208962,23.194174,26.544527
24.928434000080248,28.462695472311704,23.833857,27.276169
24.55344457123317,27.025870384127593,24.10481,27.532728
21.882917487788095,23.830925330604263,23.785913,27.068209
22.825496530899315,25.75413287351603,21.622051,24.427494
23.56337283315361,26.207775990112005,22.74541,25.759567
22.354002136923235,25.62917676033189,23.076181,26.132437
22.837208194788452,26.961879859597474,22.130499,25.005114
23.73212737709131,26.686717686173374,22.58963,25.596968
23.211639566244802,26.243491631710214,23.177534,26.335161
24.6084119673336,28.273797467007018,22.754614,25.842503
25.66017544169462,28.950566078772624,23.82345,27.108105
24.374853275357765,29.068081433290473,24.408401,27.745703
21.15040683193246,23.2180986109592,23.05287,26.060984
21.674176372164517,23.621193201033957,20.535933,23.069637
23.92991975863695,27.00950071506175,21.83374,24.66776
25.21214208207727,28.781014046000305,23.581234,26.734493
25.523516739039714,28.66945129841549,24.288916,27.499813
24.992061340825035,28.193485905820637,24.186054,27.287777
18.036051929476724,21.866049539161253,23.648085,26.589958
18.008692577673763,19.477245033377855,17.31122,19.133621
18.783928016867534,20.652301313737194,18.95521,21.36882
17.693703830443017,20.274456670718244,19.817558,22.58106
17.360598871164697,22.951768083115482,18.499754,21.193556
17.73790222716566,23.033567796035125,18.202078,21.055943
17.995469593819656,24.0837165956199,18.480785,21.581863
18.969971027943572,24.00786948963329,18.776072,22.066866
19.129122962725546,23.51999888317237,19.49246,22.96785
19.71190455825477,23.06933207004292,19.50211,22.957355
20.312359228042972,25.084756388007136,19.88027,23.332092
20.309480959068285,24.143242664950247,20.136532,23.52673
20.62739393708152,23.273111592680188,20.071997,23.328337
20.30121819040471,24.247364653868768,20.273762,23.452692
20.06979153909374,25.087732691473658,19.919525,22.930395
19.1654557667654,24.726306349930137,19.625141,22.52738
19.100674604658714,23.136250265629972,18.967089,21.737156
19.439356367186235,22.30332298669138,18.91829,21.71608
18.297651386467315,19.814909579598826,19.409178,22.320751
17.62837717980575,19.292811483272953,18.328825,21.038872
17.61646064349614,19.005744095982784,17.570559,20.171457
18.269773654651353,20.075190235690336,17.64484,20.29504
17.76849734654637,19.19761840475398,18.233086,20.998503
17.991654944763685,20.374162836846576,17.587608,20.221289
18.186915957874817,23.221026282016133,17.95634,20.644812
17.99721917915274,20.450009942833184,17.705477,20.355751
19.112796013388788,21.821404987163493,17.894854,20.602451
20.36253788842569,23.10207140817461,18.961052,21.861473
22.25174691827494,25.92517305802161,19.955853,22.978067
23.314080804023344,25.94154272708746,21.327446,24.497925
22.45452662352868,23.997501059910064,21.774223,24.889997
22.837977409029723,25.53398368181292,20.604557,23.389864
22.916976465739758,26.88156829841109,21.307404,24.191038
19.09029649683164,25.349550131708014,21.278086,24.130194
13.94525998843374,22.102471135111042,17.394918,19.582159
13.326363030145286,15.059622844030914,13.50123,15.295083
13.994291111884625,16.541092484212783,14.081036,16.3734
12.692267806161674,13.979759642190551,14.914908,17.605026
12.962886677196957,14.449772427852366,13.436586,16.02808
12.459867068188963,15.380869088776448,13.561493,16.334846
11.012736272017289,15.392774302642518,12.935476,15.738228
12.114101496080071,15.113147674018641,11.786701,14.550376
13.164320257528475,16.850433515092245,12.833635,15.895364
13.907773363031982,21.72318697276842,13.65451,16.870102
13.418804482787316,19.75831118132541,14.126775,17.390146
14.662206624763815,19.518864649499516,13.854553,17.017105
17.483629158757363,21.772295979965953,14.893794,18.158195
18.889619561881243,23.99894057923374,17.180552,20.678957
19.30153755873935,23.740148074875485,17.973015,21.384527
20.017900999958396,23.558690828237093,18.4369,21.699934
20.785385766071517,25.30639373144351,19.179474,22.352531
16.96967338453157,18.684449218827663,19.68732,22.753174
15.70744434693419,17.21786109597838,15.22521,17.342937
17.49228281897165,19.8342069197216,15.410347,17.64306
18.38816980350617,21.617625464526224,17.591595,20.282604
18.457373947500162,20.183776679808634,18.09137,20.859617
20.07422080541112,23.569107890369906,18.006414,20.720932
20.652380831062644,24.537408344625458,19.554705,22.520475
18.870619215990263,21.35734480843471,19.575418,22.479963
16.754406516717346,18.328975484217178,17.671682,20.184341
17.263374967235034,19.199106556487237,16.00198,18.267014
18.29206829878803,21.135707464998337,17.477442,20.113289
18.633429742299846,20.85608083637446,18.2793,21.0985
18.579039256880378,21.13868376846485,18.435333,21.289574
16.749419193009246,17.473725929279702,18.391312,21.235703
17.062332278454228,18.244199467831024,16.327234,18.790895
19.0527755735243,22.603783739580876,17.56408,20.305672
20.07095164488572,22.989020508856534,19.457123,22.543463
21.20459244493146,25.111543119205795,19.804197,22.90653
15.707835238484902,18.540195765520743,20.861118,24.12801
11.462724089388189,14.912393087257474,14.259791,16.289194
8.87001081914086,9.623151673907211,11.580443,13.399968
8.019488621551043,9.080219453315719,9.442305,11.23543
8.808312798429325,10.250811278475277,9.058636,11.132472
9.474125541005174,11.820033238509822,9.998717,12.477649
10.379230527574782,12.403096923489713,10.629514,13.331859
10.885122121127386,12.508707064141493,11.319814,14.173859
12.235388482769725,14.74428057380883,11.701803,14.600248
13.26543422367502,15.251497152802113,13.035644,16.1063
15.113323125776313,17.396342039150255,13.992333,17.11796
17.151305982580467,21.589350581594307,15.731127,19.029367
19.223115412710268,24.223554226136628,17.677961,21.165012
20.93280718367412,25.013373737220306,19.243555,22.841568
20.898782022358077,26.167595893314022,20.555614,24.224182
21.494627691128734,26.183965562379868,19.945976,23.350378
23.016274653908113,26.186941865846382,20.810469,24.304264
19.232153680045194,23.57952495250272,22.210915,25.899374
13.662538561958607,15.488016013571071,17.73743,20.506186
12.690921681239452,13.774491967820023,12.995787,15.050593
13.43631667563636,14.9912164967106,13.526922,15.962012
15.12560541591633,20.699824904382304,14.800991,17.612932
15.679355458267686,21.708305455435834,15.804288,18.858103
16.124144795079935,18.769225235213824,16.171013,19.309294
18.38336221449823,21.117849644199232,16.885303,20.127619
19.85510158196047,22.792681744885556,18.996685,22.535166
20.55781147039697,23.093142497775055,19.898518,23.433924
18.892336949445994,20.949785763160172,20.157986,23.569633
20.98431940011891,26.37583987115107,18.325108,21.258396
22.04299951822128,27.647577381762627,21.196566,24.62748
23.754223433237595,29.56780862120788,21.462671,24.848175
24.374863692429056,30.36358073922459,23.043215,26.66352
24.466163892569337,28.928243802773743,23.131617,26.688744
21.35913537869589,26.430901485281634,23.206219,26.72712
16.003633307061627,18.209971977966074,20.30004,23.235228
15.24440502518201,17.891653404277466,15.563052,17.74325
14.974549083957918,17.31603047796387,16.264198,18.847929
13.99915651764926,16.923352950021922,16.230495,18.9934
14.170238814487009,15.940170978433786,15.266457,17.99166
14.605707084610925,16.927817405221695,15.487656,18.362324
13.539132646439,14.96740606897846,15.958438,18.955557
13.106852915143925,15.4329543994405,14.68077,17.47335
14.033489616039015,16.213845000124625,14.126244,16.898739
17.288535311486246,23.426293956386658,15.124239,18.143646
21.125196212240642,31.679914169424336,18.237383,21.798147
23.460515566104057,29.831065580765912,21.330742,25.318806
21.111909670174523,22.97860344672372,22.611002,26.63105
16.117042132208336,17.741447344037514,20.274576,23.660877
16.80264328820666,19.27197735900733,15.911681,18.449368
16.757861696372984,18.993838882116712,17.822416,20.815933
18.473886915967164,23.61519196169134,17.76135,20.754757
20.355376332902967,23.5333922487717,19.542145,22.85569
19.066277405082182,22.28992962109205,20.861242,24.355501
20.620278705349776,24.34255773238774,19.428514,22.568264
22.601364846020253,27.07344260718229,21.26781,24.713907
24.451939713535918,27.461655679924466,22.668442,26.2874
23.494950472261042,25.847837800301743,23.86302,27.59628
24.25148021986614,27.48844241112312,22.71789,26.101015
19.125295744809428,22.092151337797397,23.801376,27.323189
18.77008216052467,20.815900739576477,18.13088,20.522074
20.36289735782602,24.60581469194577,19.686316,22.533663
20.545702630527046,23.667277272355395,20.9424,24.136581
23.76153096852966,28.42846798244675,21.252968,24.55314
25.51407501129393,29.609476869739126,23.929956,27.73544
26.55853723479296,31.144471339908716,24.522823,28.356375
26.110165270083137,28.87025451758624,25.22777,29.102037
23.06844882696918,23.63012211143351,24.833656,28.52643
21.116741140016746,21.617625464526224,22.389994,25.532806
21.586504801949967,24.552289861958045,21.06595,24.022663
27.906849500664915,32.5203308394388,22.07576,25.33944
28.249209806575603,33.33247262652136,27.314438,31.613441
27.343335605764725,30.70719789237859,26.534706,30.529816
25.285179728417468,28.46715992751148,25.71984,29.412813
25.2350136368949,28.193485905820637,24.16578,27.460356
23.704262214135497,26.831019771889878,24.793182,28.175924
21.931910904658526,23.89635537445806,23.270124,26.331347
23.450925525808486,26.207775990112005,22.271713,25.183971
23.73540282204678,25.46260103102609,24.038042,27.350681
25.329192106009867,27.89153700119788,24.159895,27.487799
26.33847534683095,29.149881146210113,25.535833,29.090513
27.529006578580287,31.290261577358482,25.965773,29.521002
26.84917452939149,29.941188809027054,26.70582,30.322783
27.517660668521557,30.986824521002465,26.017307,29.415125
25.08700902418127,29.84004312357505,26.580704,30.06078
25.797013879049686,30.571824717061638,24.658432,27.74932
26.99735887680529,31.678474650100657,25.68405,29.037807
25.534266885127266,30.384414863490218,26.678171,30.257807
26.574684449429554,30.95706148633729,25.201313,28.498592
25.75666155353339,28.379407607658802,26.242283,29.789896
28.125230570041506,32.25409757641425,25.704266,29.154018
23.273722194076974,25.370384255973637,27.433102,31.223303
26.547588500715012,31.361644228145316,23.453815,26.428473
28.86020346560082,36.25518317767752,26.548954,30.185896
29.269205486903786,38.52940000000001,27.215313,30.989042
29.155257457656575,35.411838836606115,27.117418,30.894655
29.266954404050658,33.66716086927581,27.740423,31.668139
30.568542827212372,37.36034495898328,28.221859,32.219505
23.70426849856558,26.822090861490327,28.141548,32.09221
24.674340666372114,28.37494315245902,24.602804,27.835833
27.731203088723,32.14104667709618,25.31471,28.748718
24.9430427862343,28.46567177577822,27.339672,31.177023
22.936976036012776,26.335708406762663,25.175993,28.530684
25.14939384763183,27.11957531091331,23.895294,26.995813
25.531202597022336,28.94312532010633,25.779484,29.245
22.379963117566096,24.309867026665632,25.864666,29.283255
25.56386906455601,29.221263796996947,23.312965,26.17938
26.397288814137724,29.34770806191435,26.119183,29.533808
26.00844724451771,32.4370429747859,26.497852,29.929935
23.99161777934848,26.52460641206735,26.035507,29.328436
26.63215807624418,30.0988356279333,24.648401,27.66351
25.641726868764287,27.812713591744757,26.765562,30.229727
22.35631606407712,23.603335380234853,25.962206,29.25136
24.131539358098706,26.90389057440997,23.36315,26.167923
25.61731688546412,28.39280097325813,25.20139,28.44519
26.828412029307273,31.202509257505803,26.302292,29.771704
26.499537748355944,31.358667924678794,26.861868,30.406559
28.399774334118923,31.941731609658685,26.292171,29.69169
23.39770143061107,25.370384255973637,27.474981,31.115332
26.245053523097106,29.32836208938199,23.990492,26.947718
27.536884740123227,30.594146993060516,26.456137,29.977488
24.774657947776646,26.26730205944235,27.185776,30.861746
26.803623723316548,30.137527572998028,25.26507,28.533115
29.55295755991134,33.445523525839434,26.974958,30.575722
29.207948633183566,32.280884307612915,28.52722,32.386074
29.348062515494107,33.83671290204813,28.066208,31.747055
28.142730194030396,34.50901705861395,28.126234,31.766323
26.821104494015213,29.533629763752515,27.401556,30.873457
27.75331799815951,30.430547567221232,26.639194,29.984812
27.6360756706666,30.92288262888193,27.612305,31.203186
28.071396704135157,30.430547567221232,27.474087,31.051033
28.80603670589204,33.04986969443097,27.691843,31.310375
24.02065561695642,25.116056206815156,28.018553,31.686752
25.131796900445014,27.11957531091331,24.541052,27.502398
26.65177932382664,29.158810056609667,25.85786,29.131157
25.89756350337543,28.49989926564317,26.95848,30.447588
25.704969602388438,29.27781356286078,26.316563,29.629522
25.04127848340616,26.75814896936979,26.235344,29.489056
27.492308020710023,29.865341703040446,25.752466,28.877354
27.312592173834233,30.332378185235743,27.742039,31.22821
28.783549758195047,33.442547222372916,27.134287,30.437937
29.25196101077597,32.573904301836116,28.216331,31.704746
26.47553122546664,29.18113233260855,28.351141,31.839022
28.92348390580542,32.07710478497564,26.434132,29.527342
29.276954189187165,32.66760922862183,28.591549,32.145935
28.386842595892247,31.317048308557137,28.44963,31.961952
28.96980392612163,32.55009387410397,27.858856,31.238285
29.596014704132227,33.33991338518766,28.31596,31.79567
28.155620817001747,31.917969814336136,28.643717,32.193935
27.308752387057957,29.590179529616343,27.741814,31.104868
28.688223752148254,33.06921566696332,27.298336,30.58578
26.48494781549212,31.202509257505803,28.335335,31.848295
24.376625846622293,26.371424048360876,26.63503,29.81012
24.7252885409961,26.856318351355277,25.452337,28.439325
26.928564477652234,29.288230624993588,25.941925,29.088972
27.8986303610287,31.12517399978594,27.475672,30.948343
28.53887929894247,31.895647538337254,27.805777,31.323004
28.80028645237274,31.043374286866296,28.211042,31.775602
29.850883536511706,33.36223566118653,28.351194,31.902952
26.490524618741322,29.9932741196911,28.90646,32.548286
25.7059374046201,27.644649710705696,26.572018,29.74003
26.667157324221964,29.950117719426608,26.381102,29.56575
27.452520037014533,29.670491090802727,27.028875,30.394438
28.222889356532413,30.45584614668663,27.539793,31.022566
28.651320321857526,31.617509061446636,27.979057,31.529217
28.67764705633079,31.61453275798012,28.14004,31.682064
28.648243464892445,31.42563475267544,27.99539,31.471958
27.47404546690994,30.91990632541541,28.063194,31.52646
27.8340477869124,32.3790536895984,27.228382,30.511345
29.235625082245516,32.087521847108455,27.630049,31.004902
27.988594491334876,29.984345209291554,28.543718,32.102238
29.321483569245494,32.880317661658644,27.705027,31.064642
29.13654942323237,33.02903557016535,28.655312,32.18602
27.400232321898404,31.00914679700135,28.14988,31.560154
28.202505179138758,32.0785929367089,27.163225,30.38854
25.780891802133393,27.54201587352043,27.847258,31.252892
27.220138152332048,30.924370780615185,26.262142,29.381813
27.24717419283156,30.048287101412093,27.43102,30.824514
26.445159831796623,30.63581524159176,27.275589,30.644997
29.223704956269447,33.03498817709838,26.765202,30.033411
28.828914545139746,34.81096596323672,28.515432,32.132626
27.403507766853878,30.159849848996906,28.087454,31.583748
29.923921182851903,34.02561090735281,27.229792,30.534258
31.569601005950325,36.27606593435272,28.862593,32.492916
29.920844325886822,34.98349429947555,29.655924,33.412525
27.947450327629042,31.40033617321004,28.58658,32.08503
25.45587616124856,26.30004139757404,27.511797,30.801702
25.37533867605599,26.67337295298363,26.159626,29.224318
25.854315855454995,28.502875569109687,26.277853,29.425266
24.191531784487683,25.699119891795046,26.60813,29.856272
25.347545155603044,27.240066968897676,25.476368,28.525034
26.36305734252361,28.507340024309464,26.25797,29.493727
26.490716922301644,29.66751478733621,26.779066,30.125746
28.399912953563764,32.097938909241265,26.797924,30.132751
28.93655426347694,32.37607738613188,28.01396,31.558859
28.71955037918978,31.889694931404218,28.05463,31.553558
29.367671194216413,33.44105907063966,27.818237,31.22782
30.27989141251777,34.01668199695327,28.238127,31.712984
28.60519260510163,29.96648738849245,28.841244,32.416534
25.01360562401067,25.61136757194237,27.701603,31.018671
24.135019675474652,25.304954212119835,25.304657,28.160501
26.960083408254075,29.173691573942254,25.145481,28.048176
27.803484089682073,32.08900999884171,27.35897,30.742981
28.188857910786293,32.844602020060435,27.470749,30.863985
27.42425141364786,32.05924696417654,27.61143,31.017904
28.145999354555794,32.841625716593924,26.948048,30.229538
27.409270589233326,31.60113939238079,27.625164,31.06537
28.071230976172743,32.57539245356938,27.067625,30.403547
27.206490883979583,30.14348017993106,27.517971,30.955221
25.76436626480624,28.029886479981354,26.881565,30.194368
25.06818212856038,28.113174344634256,26.038431,29.193142
26.696945522780947,30.415666049888646,25.567106,28.661627
25.22521872417886,27.243043272364194,26.75316,30.111864
26.86166797638205,30.234208803250258,25.64594,28.78727
27.988584436246757,32.065199571109574,26.820988,30.208298
29.347870211933788,33.722173850996796,27.44002,30.932392
30.134194442527946,34.5179459690135,28.076149,31.663994
25.538324113184164,28.682844664014816,28.483702,32.11451
27.369290301977514,30.994265279668763,25.53091,28.554714
